OrderID,ProductID,Quantity,Order Date
1,1044,5,09-14-2024
2,1021,9,02-02-2024
3,1024,9,05-07-2024
4,1030,4,11-13-2024
5,1008,2,06-12-2024
6,1035,2,02-09-2024
7,1018,1,07-23-2024
8,1025,7,02-18-2024
9,1035,8,11-23-2024
10,1016,8,06-16-2024
11,1029,8,02-27-2024
12,1020,4,10-12-2024
13,1016,1,12-25-2024
14,1014,8,09-24-2024
15,1043,6,09-18-2024
16,1041,6,12-15-2024
17,1043,3,07-15-2024
18,1023,6,06-05-2024
19,1048,6,06-26-2024
20,1008,7,11-01-2024
21,1013,8,12-08-2024
22,1049,6,09-27-2024
23,1026,4,03-28-2024
24,1023,7,11-16-2024
25,1026,4,08-16-2024
26,1013,9,12-27-2024
27,1009,1,02-21-2024
28,1044,7,12-23-2024
29,1036,4,04-28-2024
30,1028,7,08-19-2024
31,1007,5,11-09-2024
32,1002,8,12-01-2024
33,1008,7,01-26-2024
34,1014,4,05-09-2024
35,1031,3,07-02-2024
36,1030,7,10-16-2024
37,1017,3,07-25-2024
38,1023,4,05-20-2024
39,1027,8,08-14-2024
40,1038,4,01-08-2024
41,1014,4,02-01-2024
42,1003,6,01-15-2024
43,1050,4,07-11-2024
44,1006,8,12-06-2024
45,1027,8,09-24-2024
46,1013,7,11-09-2024
47,1030,7,04-23-2024
48,1023,7,04-04-2024
49,1049,5,11-21-2024
50,1034,5,02-02-2024
